0,who,Japanese,English
1,Man,もう10分ほど歩いています。一部が見えてきました。わあ！白い壁に高い塔！イチカ、そこにいますか？このお城はおとぎ話に出てくるみたいです。もっと教えてもらえますか？,"I've been walking for about 10 minutes now. I see part of it. Wow! White walls, tall towers! Ichika, are you there? This castle looks like it's from a fairy tale. Can you tell me more about it?"
2,Woman1,あなたは南ドイツのアルプス山のすぐそばにあるノイシュヴァンシュタイン城にいますよ。,"You are at Neuschwanstein Castle in southern Germany, right by the Alps."
3,Man,ああ、だから山が見えるんですね！,"Ah, that's why I can see mountains!"
4,Woman1,その通りです。標高約1000メートルの地域にあります。,"Right. It's in an area that's about 1,000 meters above sea level."
5,Man,どうりでここは寒いわけだ！よし、今からツアーで中に入ります。また後で！,"No wonder it's cold here! All right, I'm going inside for a tour now. Talk to you later!"
6,Woman,今私たちは玉座の間と呼ばれる部屋にいます。このお城はバイエルン王国のルードヴィヒ2世のために建てられました。,Now we are in a room called the Throne Hall. This castle was built for King Ludwig II of the Kingdom of Bavaria.
7,Man,バイエルン？私たちはドイツにいると思っていたんですが。,Bavaria? I thought we were in Germany.
8,Woman,ずいぶん前、ドイツのこの地域はバイエルン王国と呼ばれていました。,"A long time ago, this part of Germany was called the Kingdom of Bavaria."
9,Man,なるほど。,I see.
10,Woman,それで、1860年代にこのお城の建設が始まりました。,So they started building this castle in the 1860s.
11,Man,へえ、お城ってもっと古いものだと思っていました。,"Oh, I thought castles were much older."
12,Woman,これはそうでもありません。ルードヴィヒ2世は中世、古いお城、教会、そして戦う騎士が大好きでした。また、中世についての多くのオペラを書いた作曲家、リヒャルト・ワーグナーの大ファンでもありました。,"This one isn't. Ludwig II loved the Middle Ages, old castles, churches, and knights fighting. He was also a big fan of Richard Wagner, a composer who wrote many operas about the Middle Ages."
13,Man,なるほど。,Okay.
14,Woman,ルードヴィヒ2世は、ワーグナーのオペラの中にいるような気分にさせてくれるお城を建てたかったのです。,Ludwig II wanted to build a castle that made you feel like you were in Wagner's operas.
15,Man,ああ、つまりこのお城は王様のためのプライベートなテーマパークのようなものだったんですね。,"Ah, so this castle was like a private theme park for the king."
16,Woman,そういう言い方もできますね。とにかく、お城は中世のもののように見えましたが、電話、暖房システム、さらには水洗トイレといった最新技術を備えていました。,"That's one way to say it. Anyway, the castle looked like it was from the Middle Ages, but it had modern technology like telephones, a heating system, and even flushing toilets."
17,Man,とても快適そうですね。,That sounds very comfortable.
18,Woman,おそらく快適だったでしょう。残念ながら、お城は完成せず、王様は合計で約170日しかそこに住みませんでした。,"It probably was. Unfortunately, the castle was never finished, and the king only lived in it for a total of about 170 days."
19,Man,なんてこった！,"Oh, no!"
20,Woman,だから玉座の間に玉座が置かれることはなかったのです。,That's why a throne was never placed in the Throne Hall.
21,Man,さて、この部屋は美しいですね。床のタイルには植物や動物の絵が描かれています。上を見上げると、天井に太陽と星が見えますし、中央にぶら下がっているシャンデリアはとても大きいです！写真を撮らないと。,"Well, this room is beautiful. The floor tiles show pictures of plants and animals. If you look up, you can see the sun and stars on the ceiling, and that chandelier hanging in the center is so big! I need to take a picture."
22,Woman,残念ながら、内部の写真撮影は許可されていません。,I'm afraid taking photos inside is not allowed.
23,Man,あぁ。それなら、どこで最高の景色が見られるか教えてもらえますか？,"Aw. In that case, can you tell me where I can get the best view?"
24,Woman,ほとんどの人はマリエエン橋に行きます。そこは城と周囲の景色を一望できる橋です。,Most people go to the Marienbrücke. It's a bridge where you can get a great view of the castle and the surrounding scenery.
25,Man,素晴らしい、このツアーのあとに行ってみます。,"Great, I'll go there after this tour."
26,Man,"なんて壮観な景色なんだ！お城,湖,木々,そして何マイルも続く緑の原野が見える。まるで絵画のようだ。","Ah, what a spectacular view! I can see the castle, lake, trees, and miles of green fields. It looks like a painting."
27,Woman,息をのむほど美しいでしょう？毎年約150万人が訪れます。,"It's breathtaking, isn't it? About 1.5 million people visit every year."
28,Man,わあ！,Wow!
29,Woman,面白いことに、ルードヴィヒ2世はこのお城を静かな時間を過ごす場所として建てたのです。,It's funny because Ludwig II built the castle as a place to spend some quiet time.
30,Man,ああ、もうそんなに静かではないけれど、確かに夢心地だね。,"Oh, it's not so quiet anymore, but it sure is dreamy."
